constituency,referendumVote,party,mp
Scarborough and Whitby,Remain,Conservative,Robert Goodwill
Guildford,Undecided,Conservative,Anne Milton
Preseli Pembrokeshire,Remain,Conservative,Stephen Crabb
Kingston upon Hull East,Remain,Labour,Karl Turner
Leeds Central,Remain,Labour,Hilary Benn
Solihull,Remain,Conservative,Julian Knight
Leicester East,Remain,Labour,Keith Vaz
Cardiff North,Remain,Conservative,Craig Williams
Nottingham South,Remain,Labour,Lilian Greenwood
Rother Valley,Remain,Labour,Kevin Barron
Bolton West,Leave,Conservative,Chris Green
Sutton and Cheam,Leave,Conservative,Paul Scully
South Antrim,Undecided,UUP,Danny Kinahan
Reading West,Remain,Conservative,Alok Sharma
Hove,Remain,Labour,Peter Kyle
Harrogate and Knaresborough,Remain,Conservative,Andrew Jones
"Brighton, Pavilion",Remain,Green,Caroline Lucas
Boston and Skegness,Remain,Conservative,Matt Warman
Truro and Falmouth,Remain,Conservative,Sarah Newton
"Sheffield, Heeley",Remain,Labour,Louise Haigh
Totnes,Leave,Conservative,Sarah Wollaston
Hayes and Harlington,Remain,Labour,John McDonnell
Birkenhead,Leave,Labour,Frank Field
Glasgow North West,Remain,SNP,Carol Monaghan
Makerfield,Remain,Labour,Yvonne Fovargue
Basingstoke,Remain,Conservative,Maria Miller
Kenilworth and Southam,Remain,Conservative,Jeremy Wright
Moray,Remain,SNP,Angus Robertson
East Yorkshire,Leave,Conservative,Greg Knight
Southport,Remain,Liberal Democrat,John Pugh
Banbury,Remain,Conservative,Victoria Prentis
Inverclyde,Remain,SNP,Ronnie Cowan
Chichester,Undecided,Conservative,Andrew Tyrie
Chesham and Amersham,Leave,Conservative,Cheryl Gillan
North East Cambridgeshire,Leave,Conservative,Stephen Barclay
Hackney South and Shoreditch,Remain,Labour,Meg Hillier
Foyle,Remain,SDLP,Mark Durkan
North East Hampshire,Leave,Conservative,Ranil Jayawardena
Manchester Central,Remain,Labour,Lucy Powell
Rhondda,Remain,Labour,Chris Bryant
Colne Valley,Leave,Conservative,Jason McCartney
Don Valley,Remain,Labour,Caroline Flint
Walthamstow,Remain,Labour,Stella Creasy
"Dumfriesshire, Clydesdale and Tweeddale",Remain,Conservative,David Mundell
Sittingbourne and Sheppey,Leave,Conservative,Gordon Henderson
Glasgow North,Remain,SNP,Patrick Grady
Edinburgh North and Leith,Remain,SNP,Deidre Brock
Rutland and Melton,Remain,Conservative,Alan Duncan
Peterborough,Leave,Conservative,Stewart Jackson
Beaconsfield,Remain,Conservative,Dominic Grieve
Newcastle upon Tyne North,Remain,Labour,Catherine McKinnell
South Cambridgeshire,Remain,Conservative,Heidi Allen
Wolverhampton North East,Remain,Labour,Emma Reynolds
South West Bedfordshire,Remain,Conservative,Andrew Selous
Houghton and Sunderland South,Remain,Labour,Bridget Phillipson
Mid Sussex,Remain,Conservative,Nicholas Soames
West Dorset,Remain,Conservative,Oliver Letwin
"Lewisham, Deptford",Remain,Labour,Vicky Foxcroft
Ynys MÃ´n,Remain,Labour,Albert Owen
Gedling,Remain,Labour,Vernon Coaker
Bristol East,Remain,Labour,Kerry McCarthy
"Birmingham, Perry Barr",Leave,Labour,Khalid Mahmood
Bootle,Remain,Labour,Peter Dowd
Torfaen,Remain,Labour,Nick Thomas-Symonds
Na h-Eileanan an Iar,Remain,SNP,Angus MacNeil
Bexhill and Battle,Undecided,Conservative,Huw Merriman
Cities of London and Westminster,Remain,Conservative,Mark Field
Walsall South,Remain,Labour,Valerie Vaz
Worcester,Remain,Conservative,Robin Walker
Merthyr Tydfil and Rhymney,Remain,Labour,Gerald Jones
North West Hampshire,Leave,Conservative,Kit Malthouse
Milton Keynes North,Undecided,Conservative,Mark Lancaster
Redditch,Leave,Conservative,Karen Lumley
Wansbeck,Undecided,Labour,Ian Lavery
"Birmingham, Yardley",Remain,Labour,Jess Phillips
"Plymouth, Sutton and Devonport",Remain,Conservative,Oliver Colvile
Altrincham and Sale West,Leave,Conservative,Graham Brady
Uxbridge and South Ruislip,Leave,Conservative,Boris Johnson
Blyth Valley,Leave,Labour,Ronnie Campbell
Orpington,Remain,Conservative,Joseph Johnson
Heywood and Middleton,Remain,Labour,Liz McInnes
Ceredigion,Remain,Liberal Democrat,Mark Williams
Edinburgh South,Remain,Labour,Ian Murray
"Brighton, Kemptown",Remain,Conservative,Simon Kirby
Harlow,Remain,Conservative,Robert Halfon
"Sheffield, Hallam",Remain,Liberal Democrat,Nick Clegg
Cardiff West,Remain,Labour,Kevin Brennan
Greenwich and Woolwich,Remain,Labour,Matthew Pennycock
Preston,Remain,Labour,Mark Hendrick
Huntingdon,Remain,Conservative,Jonathan Djanogly
Rossendale and Darwen,Remain,Conservative,Jake Berry
Sunderland Central,Remain,Labour,Julie Elliott
East Londonderry,Leave,DUP,Gregory Campbell
Doncaster North,Remain,Labour,Ed Miliband
Tunbridge Wells,Remain,Conservative,Greg Clark
Staffordshire Moorlands,Remain,Conservative,Karen Bradley
Islwyn,Remain,Labour,Chris Evans
Ashford,Remain,Conservative,Damian Green
Epsom and Ewell,Leave,Conservative,Chris Grayling
Kingswood,Remain,Conservative,Chris Skidmore
South Ribble,Undecided,Conservative,Seema Kennedy
Hexham,Remain,Conservative,Guy Opperman
"Birmingham, Northfield",Remain,Labour,Richard Burden
West Ham,Remain,Labour,Lyn Brown
Leeds West,Remain,Labour,Rachel Reeves
Rushcliffe,Remain,Conservative,Kenneth Clarke
Harborough,Remain,Conservative,Edward Garnier
Canterbury,Leave,Conservative,Julian Brazier
"Caithness, Sutherland and Easter Ross",Remain,SNP,Paul Monaghan
Cheadle,Undecided,Conservative,Mary Robinson
"Normanton, Pontefract and Castleford",Remain,Labour,Yvette Cooper
Hartlepool,Remain,Labour,Iain Wright
Brentford and Isleworth,Remain,Labour,Ruth Cadbury
Waveney,Remain,Conservative,Peter Aldous
Rayleigh and Wickford,Leave,Conservative,Mark Francois
"Liverpool, Riverside",Remain,Labour,Louise Ellman
Brent North,Remain,Labour,Barry Gardiner
Leeds North West,Remain,Liberal Democrat,Greg Mulholland
Huddersfield,Remain,Labour,Barry Sheerman
Chesterfield,Remain,Labour,Toby Perkins
St Austell and Newquay,Leave,Conservative,Stephen Double
East Worthing and Shoreham,Leave,Conservative,Tim Loughton
"Manchester, Withington",Remain,Labour,Jeff Smith
Loughborough,Remain,Conservative,Nicky Morgan
Clwyd West,Leave,Conservative,David Jones
Derby North,Undecided,Conservative,Amanda Solloway
East Lothian,Remain,SNP,George Kerevan
Newport East,Remain,Labour,Jessica Morden
Stoke-on-Trent South,Remain,Labour,Robert Flello
Ashton-under-Lyne,Remain,Labour,Angela Rayner
Corby,Leave,Conservative,Tom Pursglove
Chatham and Aylesford,Undecided,Conservative,Tracey Crouch
Beckenham,Undecided,Conservative,Bob Stewart
Rochford and Southend East,Leave,Conservative,James Duddridge
Kingston and Surbiton,Remain,Conservative,James Berry
Swansea West,Remain,Labour,Geraint Davies
North Dorset,Remain,Conservative,Simon Hoare
Dagenham and Rainham,Remain,Labour,Jon Cruddas
Brent Central,Remain,Labour,Dawn Butler
Denton and Reddish,Remain,Labour,Andrew Gwynne
Hendon,Leave,Conservative,Matthew Offord
Newcastle upon Tyne Central,Remain,Labour,Chi Onwurah
Stevenage,Leave,Conservative,Stephen McPartland
Torridge and West Devon,Leave,Conservative,Geoffrey Cox
South Thanet,Leave,Conservative,Craig Mackinlay
North Thanet,Remain,Conservative,Roger Gale
Chippenham,Remain,Conservative,Michelle Donelan
Blaenau Gwent,Remain,Labour,Nick Smith
Havant,Remain,Conservative,Alan Mak
Hazel Grove,Leave,Conservative,William Wragg
Portsmouth South,Remain,Conservative,Flick Drummond
Yeovil,Leave,Conservative,Marcus Fysh
Rochdale,Remain,Labour,Simon Danczuk
Warrington North,Remain,Labour,Helen Jones
Folkestone and Hythe,Remain,Conservative,Damian Collins
Maidstone and The Weald,Remain,Conservative,Helen Grant
Thirsk and Malton,Remain,Conservative,Kevin Hollinrake
Aylesbury,Remain,Conservative,David Lidington
Aldershot,Leave,Conservative,Gerald Howarth
Welwyn Hatfield,Undecided,Conservative,Grant Shapps
Ochil and South Perthshire,Remain,SNP,Tasmina Ahmed-Sheikh
Bradford East,Remain,Labour,Imran Hussain
Bradford South,Remain,Labour,Judith Cummins
Doncaster Central,Remain,Labour,Rosie Winterton
Filton and Bradley Stoke,Leave,Conservative,Jack Lopresti
Hitchin and Harpenden,Leave,Conservative,Peter Lilley
Basildon and Billericay,Leave,Conservative,John Baron
Harrow East,Leave,Conservative,Bob Blackman
Surrey Heath,Leave,Conservative,Michael Gove
Wallasey,Remain,Labour,Angela Eagle
City of Durham,Remain,Labour,Roberta Blackman-Woods
Holborn and St Pancras,Remain,Labour,Keir Starmer
Coventry South,Remain,Labour,Jim Cunningham
Barrow and Furness,Remain,Labour,John Woodcock
Mitcham and Morden,Remain,Labour,Siobhain McDonagh
"Ruislip, Northwood and Pinner",Remain,Conservative,Nick Hurd
Tonbridge and Malling,Remain,Conservative,Thomas Tugendhat
York Central,Remain,Labour,Rachael Maskell
North West Norfolk,Leave,Conservative,Henry Bellingham
Penistone and Stocksbridge,Remain,Labour,Angela Smith
Nottingham East,Remain,Labour,Chris Leslie
Bournemouth West,Leave,Conservative,Conor Burns
Bracknell,Undecided,Conservative,Phillip Lee
Halifax,Remain,Labour,Holly Lynch
Isle of Wight,Leave,Conservative,Andrew Turner
Aldridge-Brownhills,Undecided,Conservative,Wendy Morton
Vale of Glamorgan,Remain,Conservative,Alun Cairns
Blackburn,Remain,Labour,Kate Hollern
Mid Worcestershire,Remain,Conservative,Nigel Huddleston
Saffron Walden,Remain,Conservative,Alan Haselhurst
Stafford,Remain,Conservative,Jeremy Lefroy
Bury South,Remain,Labour,Ivan Lewis
North East Fife,Remain,SNP,Stephen Gethins
Kettering,Leave,Conservative,Philip Hollobone
Henley,Remain,Conservative,John Howell
Wyre Forest,Remain,Conservative,Mark Garnier
Stratford-on-Avon,Leave,Conservative,Nadhim Zahawi
Bermondsey and Old Southwark,Remain,Labour,Neil Coyle
Macclesfield,Remain,Conservative,David Rutley
Bristol South,Remain,Labour,Karin Smyth
Warwick and Leamington,Remain,Conservative,Chris White
South Leicestershire,Remain,Conservative,Alberto Costa
Westmorland and Lonsdale,Remain,Liberal Democrat,Tim Farron
Vale of Clwyd,Leave,Conservative,James Davies
Kilmarnock and Loudoun,Remain,SNP,Alan Brown
Arfon,Remain,Plaid Cymru,Hywel Williams
St Albans,Leave,Conservative,Anne Main
Glasgow Central,Remain,SNP,Alison Thewliss
Lichfield,Leave,Conservative,Michael Fabricant
Amber Valley,Leave,Conservative,Nigel Mills
North Cornwall,Leave,Conservative,Scott Mann
Charnwood,Remain,Conservative,Edward Argar
Hammersmith,Remain,Labour,Andy Slaughter
"Enfield, Southgate",Leave,Conservative,David Burrowes
Linlithgow and East Falkirk,Remain,SNP,Martyn Day
Telford,Leave,Conservative,Lucy Allan
Coventry North East,Remain,Labour,Colleen Fletcher
Dundee East,Remain,SNP,Stewart Hosie
Bromley and Chislehurst,Remain,Conservative,Robert Neill
Clwyd South,Remain,Labour,Susan Jones
Great Grimsby,Remain,Labour,Melanie Onn
Barnsley East,Remain,Labour,Michael Dugher
"Liverpool, West Derby",Remain,Labour,Stephen Twigg
Kensington,Leave,Conservative,Victoria Borwick
Rochester and Strood,Undecided,Conservative,Kelly Tolhurst
Wrexham,Remain,Labour,Ian Lucas
Rotherham,Remain,Labour,Sarah Champion
New Forest West,Leave,Conservative,Desmond Swayne
Worthing West,Remain,Conservative,Peter Bottomley
Bedford,Leave,Conservative,Richard Fuller
Wigan,Remain,Labour,Lisa Nandy
North East Bedfordshire,Remain,Conservative,Alistair Burt
Tatton,Remain,Conservative,George Osborne
Edinburgh East,Remain,SNP,Tommy Sheppard
Reading East,Remain,Conservative,Rob Wilson
Great Yarmouth,Remain,Conservative,Brandon Lewis
Erewash,Remain,Conservative,Maggie Throup
Newcastle upon Tyne East,Remain,Labour,Nick Brown
Eltham,Remain,Labour,Clive Efford
South Shields,Remain,Labour,Emma Lewell-Buck
South Derbyshire,Leave,Conservative,Heather Wheeler
East Renfrewshire,Remain,SNP,Kirsten Oswald
North Wiltshire,Leave,Conservative,James Gray
Cardiff South and Penarth,Remain,Labour,Stephen Doughty
Wythenshawe and Sale East,Remain,Labour,Mike Kane
Glasgow North East,Remain,SNP,Anne McLaughlin
North Norfolk,Remain,Liberal Democrat,Norman Lamb
Norwich South,Remain,Labour,Clive Lewis
Wyre and Preston North,Remain,Conservative,Ben Wallace
Wimbledon,Remain,Conservative,Stephen Hammond
Hampstead and Kilburn,Remain,Labour,Tulip Siddiq
Brigg and Goole,Leave,Conservative,Andrew Percy
North Somerset,Leave,Conservative,Liam Fox
South East Cornwall,Leave,Conservative,Sheryll Murray
Oldham West and Royton,Remain,Labour,Jim McMahon 
Edinburgh South West,Remain,SNP,Joanna Cherry
Montgomeryshire,Undecided,Conservative,Glyn Davies
Christchurch,Leave,Conservative,Christopher Chope
Barking,Remain,Labour,Margaret Hodge
North Shropshire,Leave,Conservative,Owen Paterson
Leeds North East,Remain,Labour,Fabian Hamilton
Ribble Valley,Leave,Conservative,Nigel Evans
Swansea East,Remain,Labour,Carolyn Harris
Cambridge,Remain,Labour,Daniel Zeichner
Sedgefield,Remain,Labour,Phil Wilson
"Birmingham, Selly Oak",Remain,Labour,Steve McCabe
Blaydon,Remain,Labour,David Anderson
Burton,Remain,Conservative,Andrew Griffiths
Twickenham,Remain,Conservative,Tania Mathias
Runnymede and Weybridge,Remain,Conservative,Philip Hammond
Wentworth and Dearne,Remain,Labour,John Healey
Pendle,Leave,Conservative,Andrew Stephenson
Caerphilly,Remain,Labour,Wayne David
Cannock Chase,Remain,Conservative,Amanda Milling
Middlesbrough,Remain,Labour,Andy McDonald
West Dunbartonshire,Remain,SNP,Martin Docherty
Bradford West,Remain,Labour,Naseem Shah
North East Somerset,Leave,Conservative,Jacob Rees-Mogg
Livingston,Remain,SNP,Hannah Bardell
Dover,Remain,Conservative,Charlie Elphicke
Croydon Central,Remain,Conservative,Gavin Barwell
Neath,Remain,Labour,Christina Rees
Haltemprice and Howden,Leave,Conservative,David Davis
Leicester South,Remain,Labour,Jon Ashworth
Dewsbury,Remain,Labour,Paula Sherriff
Calder Valley,Remain,Conservative,Craig Whittaker
Aberconwy,Remain,Conservative,Guto Bebb
South Swindon,Remain,Conservative,Robert Buckland
Suffolk Coastal,Remain,Conservative,Therese Coffey
Wolverhampton South East,Remain,Labour,Patrick McFadden
Romsey and Southampton North,Undecided,Conservative,Caroline Nokes
St Helens North,Remain,Labour,Conor McGinn
Wakefield,Remain,Labour,Mary Creagh
Aberdeen South,Remain,SNP,Callum McCaig
Middlesbrough South and East Cleveland,Remain,Labour,Tom Blenkinsop
"Plymouth, Moor View",Undecided,Conservative,Johnny Mercer
Cardiff Central,Remain,Labour,Jo Stevens
South West Wiltshire,Leave,Conservative,Andrew Murrison
Dartford,Leave,Conservative,Gareth Johnson
North Ayrshire and Arran,Remain,SNP,Patricia Gibson
Stourbridge,Remain,Conservative,Margot James
Rutherglen and Hamilton West,Remain,SNP,Margaret Ferrier
Banff and Buchan,Remain,SNP,Eilidh Whiteford
Bridgend,Remain,Labour,Madeleine Moon
Old Bexley and Sidcup,Remain,Conservative,James Brokenshire
Witney,Remain,Conservative,David Cameron
Nottingham North,Remain,Labour,Graham Allen
Skipton and Ripon,Remain,Conservative,Julian Smith
Fareham,Leave,Conservative,Suella Fernandes
Buckingham,Undecided,Other,John Bercow
Oxford West and Abingdon,Remain,Conservative,Nicola Blackwood
Chingford and Woodford Green,Leave,Conservative,Iain Duncan Smith
"Birmingham, Hodge Hill",Remain,Labour,Liam Byrne
Redcar,Remain,Labour,Anna Turley
Dundee West,Remain,SNP,Chris Law
Ealing Central and Acton,Remain,Labour,Rupa Huq
Cheltenham,Remain,Conservative,Alex Chalk
Worsley and Eccles South,Remain,Labour,Barbara Keeley
Gillingham and Rainham,Undecided,Conservative,Rehman Chishti
Copeland,Remain,Labour,Jamie Reed
Wirral South,Remain,Labour,Alison McGovern
Dunfermline and West Fife,Remain,SNP,Douglas Chapman
Alyn and Deeside,Remain,Labour,Mark Tami
"Berwickshire, Roxburgh and Selkirk",Remain,SNP,Calum Kerr
Tewkesbury,Leave,Conservative,Laurence Robertson
Leyton and Wanstead,Undecided,Labour,John Cryer
Delyn,Remain,Labour,David Hanson
Stoke-on-Trent Central,Remain,Labour,Tristram Hunt
Orkney and Shetland,Remain,Liberal Democrat,Alistair Carmichael
Morecambe and Lunesdale,Remain,Conservative,David Morris
Bournemouth East,Remain,Conservative,Tobias Ellwood
Stoke-on-Trent North,Remain,Labour,Ruth Smeeth
Epping Forest,Undecided,Conservative,Eleanor Laing
Aberdeen North,Remain,SNP,Kirsty Blackman
Windsor,Leave,Conservative,Adam Afriyie
Ipswich,Remain,Conservative,Ben Gummer
Ilford South,Remain,Labour,Mike Gapes
Somerton and Frome,Leave,Conservative,David Warburton
Garston and Halewood,Remain,Labour,Maria Eagle
Central Devon,Remain,Conservative,Mel Stride
Portsmouth North,Leave,Conservative,Penny Mordaunt
"Southampton, Itchen",Leave,Conservative,Royston Smith
Maidenhead,Remain,Conservative,Theresa May
West Tyrone,Remain,Sinn Fein,Pat Doherty
Wantage,Remain,Conservative,Ed Vaizey
Kingston upon Hull West and Hessle,Remain,Labour,Alan Johnson
Sherwood,Remain,Conservative,Mark Spencer
Horsham,Remain,Conservative,Jeremy Quin
"Birmingham, Ladywood",Remain,Labour,Shabana Mahmood
Cleethorpes,Leave,Conservative,Martin Vickers
Stroud,Remain,Conservative,Neil Carmichael
Milton Keynes South,Leave,Conservative,Iain Stewart
Chipping Barnet,Leave,Conservative,Theresa Villiers
Warrington South,Remain,Conservative,David Mowat
Luton South,Remain,Labour,Gavin Shuker
"Birmingham, Erdington",Remain,Labour,Jack Dromey
Airdrie and Shotts,Remain,SNP,Neil Gray
Lewisham East,Remain,Labour,Heidi Alexander
Keighley,Remain,Conservative,Kris Hopkins
Weston-Super-Mare,Remain,Conservative,John Penrose
South Holland and The Deepings,Leave,Conservative,John Hayes
Selby and Ainsty,Leave,Conservative,Nigel Adams
Lanark and Hamilton East,Remain,SNP,Angela Crawley
Esher and Walton,Leave,Conservative,Dominic Raab
Ilford North,Remain,Labour,Wes Streeting
Stockton North,Remain,Labour,Alex Cunningham
Wokingham,Leave,Conservative,John Redwood
Wolverhampton South West,Remain,Labour,Rob Marris
Oldham East and Saddleworth,Remain,Labour,Debbie Abrahams
Taunton Deane,Undecided,Conservative,Rebecca Pow
Belfast East,Leave,DUP,Gavin Robinson
Tottenham,Remain,Labour,David Lammy
Woking,Leave,Conservative,Jonathan Lord
Belfast West,Remain,Sinn Fein,Paul Maskey
Sutton Coldfield,Undecided,Conservative,Andrew Mitchell
Pontypridd,Remain,Labour,Owen Smith
Gateshead,Remain,Labour,Ian Mearns
Mid Bedfordshire,Leave,Conservative,Nadine Dorries
Weaver Vale,Remain,Conservative,Graham Evans
Easington,Remain,Labour,Grahame Morris
Dumfries and Galloway,Remain,SNP,Richard Arkless
Forest of Dean,Remain,Conservative,Mark Harper
Wycombe,Leave,Conservative,Stephen Baker
West Bromwich West,Remain,Labour,Adrian Bailey
Carmarthen West and South Pembrokeshire,Remain,Conservative,Simon Hart
Braintree,Leave,Conservative,James Cleverly
Chorley,Undecided,Labour,Lindsay Hoyle
Angus,Remain,SNP,Mike Weir
West Aberdeenshire and Kincardine,Remain,SNP,Stuart Donaldson
Lewisham West and Penge,Remain,Labour,Jim Dowd
Newport West,Remain,Labour,Paul Flynn
Gordon,Remain,SNP,Alex Salmond
Fylde,Remain,Conservative,Mark Menzies
"Liverpool, Walton",Remain,Labour,Steve Rotheram
"Cumbernauld, Kilsyth and Kirkintilloch East",Remain,SNP,Stuart McDonald
Colchester,Leave,Conservative,Will Quince
Belfast South,Remain,SDLP,Alasdair McDonnell
South Norfolk,Leave,Conservative,Richard Bacon
Falkirk,Remain,SNP,John McNally
Bridgwater and West Somerset,Undecided,Conservative,Ian Liddell-Grainger
Blackpool North and Cleveleys,Undecided,Conservative,Paul Maynard
Bexleyheath and Crayford,Undecided,Conservative,David Evennett
Cynon Valley,Remain,Labour,Ann Clwyd
Wells,Undecided,Conservative,James Heappey
Ogmore,Remain,Labour,Huw Irranca-Davies
Perth and North Perthshire,Remain,SNP,Pete Wishart
Paisley and Renfrewshire South,Remain,SNP,Mhairi Black
Battersea,Remain,Conservative,Jane Ellison
Gravesham,Leave,Conservative,Adam Holloway
South Basildon and East Thurrock,Leave,Conservative,Stephen Metcalfe
West Suffolk,Remain,Conservative,Matthew Hancock
Ludlow,Remain,Conservative,Philip Dunne
North Durham,Remain,Labour,Kevan Jones
Lincoln,Leave,Conservative,Karl McCartney
Louth and Horncastle,Remain,Conservative,Victoria Atkins
Hornsey and Wood Green,Remain,Labour,Catherine West
North Warwickshire,Leave,Conservative,Craig Tracey
Halesowen and Rowley Regis,Remain,Conservative,James Morris
"Liverpool, Wavertree",Remain,Labour,Luciana Berger
Hertford and Stortford,Remain,Conservative,Mark Prisk
Richmond Park,Leave,Conservative,Zac Goldsmith
Workington,Remain,Labour,Sue Hayman
Broxbourne,Leave,Conservative,Charles Walker
North West Durham,Remain,Labour,Pat Glass
Bristol West,Remain,Labour,Thangam Debbonaire
North West Leicestershire,Leave,Conservative,Andrew Bridgen
Norwich North,Remain,Conservative,Chloe Smith
Shipley,Leave,Conservative,Philip Davies
The Wrekin,Remain,Conservative,Mark Andrew Pritchard
"Coatbridge, Chryston and Bellshill",Remain,SNP,Philip Boswell
East Hampshire,Remain,Conservative,Damian Hinds
Bromsgrove,Remain,Conservative,Sajid Javid
Exeter,Remain,Labour,Ben Bradshaw
Poplar and Limehouse,Remain,Labour,Jim Fitzpatrick
Ealing North,Remain,Labour,Steve Pound
Erith and Thamesmead,Remain,Labour,Teresa Pearce
Arundel and South Downs,Remain,Conservative,Nick Herbert
Wellingborough,Leave,Conservative,Peter Bone
Midlothian,Remain,SNP,Owen Thompson
Derbyshire Dales,Remain,Conservative,Patrick McLoughlin
St Helens South and Whiston,Remain,Labour,Marie Rimmer
Gloucester,Remain,Conservative,Richard Graham
The Cotswolds,Leave,Conservative,Geoffrey Clifton-Brown
Eddisbury,Remain,Conservative,Antoinette Sandbach
Enfield North,Remain,Labour,Joan Ryan
South Suffolk,Remain,Conservative,James Cartlidge
Batley and Spen,Remain,Labour,Jo Cox
"Ross, Skye and Lochaber",Remain,SNP,Ian Blackford
Gosport,Remain,Conservative,Caroline Dineage
Sheffield Central,Remain,Labour,Paul Bloomfield
Tamworth,Undecided,Conservative,Christopher Pincher
Bolton South East,Remain,Labour,Yasmin Qureshi
Crawley,Leave,Conservative,Henry Smith
East Surrey,Remain,Conservative,Sam Gyimah
Finchley and Golders Green,Remain,Conservative,Mike Freer
Salisbury,Remain,Conservative,John Glen
Glasgow South West,Remain,SNP,Christopher Stephens
Richmond (Yorks),Leave,Conservative,Rishi Sunak
Chelsea and Fulham,Remain,Conservative,Greg Hands
Croydon South,Remain,Conservative,Chris Philp
"Inverness, Nairn, Badenoch and Strathspey",Remain,SNP,Drew Hendry
North West Cambridgeshire,Remain,Conservative,Shailesh Vara
Devizes,Remain,Conservative,Claire Perry
Eastleigh,Leave,Conservative,Mims Davies
Putney,Remain,Conservative,Justine Greening
Blackpool South,Remain,Labour,Gordon Marsden
Strangford,Leave,DUP,Jim Shannon
Reigate,Undecided,Conservative,Crispin Blunt
Stirling,Remain,SNP,Steven Paterson
Sleaford and North Hykeham,Leave,Conservative,Stephen Phillips
Eastbourne,Undecided,Conservative,Caroline Ansell
Knowsley,Remain,Labour,George Howarth
Barnsley Central,Remain,Labour,Dan Jarvis
East Ham,Remain,Labour,Stephen Timms
Dudley South,Leave,Conservative,Richard Drax
Leeds East,Remain,Labour,Richard Burgon
"Birmingham, Edgbaston",Leave,Labour,Gisela Stuart
North Swindon,Undecided,Conservative,Justin Tomlinson
Bishop Auckland,Remain,Labour,Helen Goodman
East Antrim,Leave,DUP,Sammy Wilson
South Northamptonshire,Leave,Conservative,Andrea Leadsom
Camberwell and Peckham,Remain,Labour,Harriet Harman
Kingston upon Hull North,Remain,Labour,Diana Johnson
Hereford and South Herefordshire,Undecided,Conservative,Jesse Norman
Coventry North West,Remain,Labour,Geoffrey Robinson
Brecon and Radnorshire,Leave,Conservative,Christopher Davies
Central Ayrshire,Remain,SNP,Philippa Whitford
Hertsmere,Remain,Conservative,Oliver Dowden
Northampton North,Remain,Conservative,Michael Ellis
Meon Valley,Remain,Conservative,George Hollingbery
Pudsey,Leave,Conservative,Stuart Andrew
Hackney North and Stoke Newington,Remain,Labour,Diane Abbott
Bury North,Leave,Conservative,David Nuttall
South Staffordshire,Remain,Conservative,Gavin Williamson
Maldon,Leave,Conservative,John Whittingdale
Mid Ulster,Remain,Sinn Fein,Francie Molloy
Aberavon,Remain,Labour,Stephen Kinnock
Northampton South,Remain,Conservative,David Mackintosh
North Tyneside,Remain,Labour,Mary Glindon
St Ives,Leave,Conservative,Derek Thomas
Bury St Edmunds,Remain,Conservative,Jo Churchill
Paisley and Renfrewshire North,Remain,SNP,Gavin Newlands
Islington North,Remain,Labour,Jeremy Corbyn
Kirkcaldy and Cowdenbeath,Remain,SNP,Roger Mullin
Torbay,Remain,Conservative,Kevin Foster
High Peak,Leave,Conservative,Andrew Bingham
Newry and Armagh,Remain,Sinn Fein,Mickey Brady
Streatham,Remain,Labour,Chuka Umunna
North East Hertfordshire,Remain,Conservative,Oliver Heald
Motherwell and Wishaw,Remain,SNP,Marion Fellows
Darlington,Remain,Labour,Jenny Chapman
Penrith and The Border,Remain,Conservative,Rory Stewart
Washington and Sunderland West,Remain,Labour,Sharon Hodgson
Fermanagh and South Tyrone,Undecided,UUP,Tom Elliott
"East Kilbride, Strathaven and Lesmahagow",Remain,SNP,Lisa Cameron
Congleton,Leave,Conservative,Fiona Bruce
Witham,Leave,Conservative,Priti Patel
Poole,Leave,Conservative,Robert Syms
Sevenoaks,Remain,Conservative,Michael Fallon
Faversham and Mid Kent,Undecided,Conservative,Helen Whately
Edinburgh West,Remain,SNP,Michelle Thomson
Tynemouth,Remain,Labour,Alan Campbell
Broadland,Remain,Conservative,Keith Simpson
South West Surrey,Remain,Conservative,Jeremy Hunt
North Antrim,Leave,DUP,Ian Paisley
South West Hertfordshire,Remain,Conservative,David Gauke
Gainsborough,Leave,Conservative,Edward Leigh
Newark,Remain,Conservative,Robert Jenrick
Winchester,Remain,Conservative,Steve Brine
Daventry,Leave,Conservative,Chris Heaton-Harris
Ashfield,Remain,Labour,Gloria De Piero
Mid Norfolk,Remain,Conservative,George Freeman
Hastings and Rye,Remain,Conservative,Amber Rudd
East Dunbartonshire,Remain,SNP,John Nicolson
Salford and Eccles,Remain,Labour,Rebecca Long-Bailey
Hyndburn,Remain,Labour,Graham Jones
Romford,Leave,Conservative,Andrew Rosindell
Luton North,Leave,Labour,Kelvin Hopkins
South Down,Remain,SDLP,Margaret Ritchie
Halton,Remain,Labour,Derek Twigg
Sheffield South East,Remain,Labour,Clive Betts
Leigh,Remain,Labour,Andy Burnham
Newbury,Remain,Conservative,Richard Benyon
Bosworth,Undecided,Conservative,David Tredinnick
Bethnal Green and Bow,Remain,Labour,Rushanara Ali
Slough,Remain,Labour,Fiona Mactaggart
Upper Bann,Leave,DUP,David Simpson
North Down,Undecided,Independent,Sylvia Hermon
Nuneaton,Remain,Conservative,Marcus Jones
Clacton,Leave,UKIP,Douglas Carswell
Argyll and Bute,Remain,SNP,Brendan O Hara
Bognor Regis and Littlehampton,Remain,Conservative,Nick Gibb
Harwich and North Essex,Leave,Conservative,Bernard Jenkin
Oxford East,Remain,Labour,Andrew Smith
Grantham and Stamford,Remain,Conservative,Nick Boles
"Birmingham, Hall Green",Leave,Labour,Roger Godsiff
Llanelli,Remain,Labour,Nia Rhiannon Griffith
Mole Valley,Remain,Conservative,Paul Beresford
Derby South,Remain,Labour,Margaret Beckett
Glasgow South,Remain,SNP,Stewart McDonald
North Devon,Remain,Conservative,Peter Heaton-Jones
West Lancashire,Remain,Labour,Rosie Cooper
Scunthorpe,Remain,Labour,Nic Dakin
Edmonton,Remain,Labour,Kate Osamor
Croydon North,Remain,Labour,Steve Reed
Tiverton and Honiton,Remain,Conservative,Neil Parish
West Worcestershire,Remain,Conservative,Harriett Baldwin
Lewes,Leave,Conservative,Maria Caulfield
Thurrock,Undecided,Conservative,Jackie Doyle-Price
Meriden,Remain,Conservative,Caroline Spelman
Stretford and Urmston,Remain,Labour,Kate Green
"Manchester, Gorton",Remain,Labour,Gerald Kaufman
Burnley,Remain,Labour,Julie Cooper
Chelmsford,Remain,Conservative,Simon Burns
Beverley and Holderness,Remain,Conservative,Graham Stuart
"Sheffield, Brightside and Hillsborough",Remain,Labour,Harry Harpham
Bath,Remain,Conservative,Ben Howlett
City of Chester,Remain,Labour,Chris Matheson
North Herefordshire,Leave,Conservative,Bill Wiggin
Rugby,Remain,Conservative,Mark Pawsey
Castle Point,Leave,Conservative,Rebecca Harris
Camborne and Redruth,Leave,Conservative,George Eustice
"Ayr, Carrick and Cumnock",Remain,SNP,Corri Wilson
Bassetlaw,Undecided,Labour,John Mann
West Bromwich East,Remain,Labour,Tom Watson
Feltham and Heston,Remain,Labour,Seema Malhotra
Broxtowe,Remain,Conservative,Anna Soubry
Berwick-upon-Tweed,Leave,Conservative,Anne-Marie Trevelyan
Dulwich and West Norwood,Remain,Labour,Helen Hayes
South West Norfolk,Remain,Conservative,Elizabeth Truss
Watford,Remain,Conservative,Richard Harrington
Stone,Leave,Conservative,Bill Cash
Elmet and Rothwell,Remain,Conservative,Alec Shelbrooke
Carlisle,Remain,Conservative,John Stevenson
Thornbury and Yate,Remain,Conservative,Luke Hall
Jarrow,Remain,Labour,Stephen Hepburn
Sefton Central,Remain,Labour,Bill Esterson
Warley,Undecided,Labour,John Spellar
Bristol North West,Undecided,Conservative,Charlotte Leslie
Central Suffolk and North Ipswich,Remain,Conservative,Daniel Poulter
South West Devon,Remain,Conservative,Gary Streeter
Bolton North East,Remain,Labour,David Crausby
"Ealing, Southall",Remain,Labour,Virendra Sharma
Crewe and Nantwich,Remain,Conservative,Edward Timpson
Stalybridge and Hyde,Remain,Labour,Jonathan Reynolds
Brentwood and Ongar,Remain,Conservative,Eric Pickles
Lagan Valley,Leave,DUP,Jeffrey Donaldson
Mansfield,Remain,Labour,Alan Meale
Leicester West,Remain,Labour,Liz Kendall
South East Cambridgeshire,Remain,Conservative,Lucy Frazer
Glenrothes,Remain,SNP,Peter Grant
York Outer,Leave,Conservative,Julian Sturdy
Wealden,Leave,Conservative,Nusrat Ghani
Blackley and Broughton,Leave,Labour,Graham Stringer
Spelthorne,Leave,Conservative,Kwasi Kwarteng
Harrow West,Remain,Labour,Gareth Thomas
Tooting,Remain,Labour,Sadiq Khan
Newton Abbot,Leave,Conservative,Anne Marie Morris
Belfast North,Leave,DUP,Nigel Dodds
Gower,Remain,Conservative,Byron Davies
Walsall North,Remain,Labour,David Winnick
Ellesmere Port and Neston,Remain,Labour,Justin Madders
Shrewsbury and Atcham,Leave,Conservative,Daniel Kawczynski
Mid Derbyshire,Undecided,Conservative,Pauline Latham
Hemsworth,Remain,Labour,Jon Trickett
South Dorset,Leave,Conservative,Richard Drax
North East Derbyshire,Undecided,Labour,Natascha Engel
Southend West,Leave,Conservative,David Amess
Carmarthen East and Dinefwr,Remain,Plaid Cymru,Jonathan Edwards
Stockport,Remain,Labour,Ann Coffey
Vauxhall,Leave,Labour,Kate Hoey
Dwyfor Meirionnydd,Remain,Plaid Cymru,Liz Roberts
Hornchurch and Upminster,Remain,Conservative,Angela Watkinson
Glasgow East,Remain,SNP,Natalie McGarry
Lancaster and Fleetwood,Remain,Labour,Cat Smith
East Devon,Remain,Conservative,Hugo Swire
Westminster North,Remain,Labour,Patricia Buck
Newcastle-under-Lyme,Remain,Labour,Paul Farrelly
Wirral West,Remain,Labour,Margaret Greenwood
Islington South and Finsbury,Remain,Labour,Emily Thornberry
Monmouth,Leave,Conservative,David Davies
Bolsover,Undecided,Labour,Dennis Skinner
Morley and Outwood,Leave,Conservative,Andrea Jenkyns
Carshalton and Wallington,Remain,Liberal Democrat,Tom Brake
New Forest East,Leave,Conservative,Julian Lewis
Stockton South,Leave,Conservative,James Wharton
Mid Dorset and North Poole,Leave,Conservative,Michael Tomlinson
Hemel Hempstead,Leave,Conservative,Mike Penning
Dudley North,Remain,Labour,Ian Austin
"Southampton, Test",Remain,Labour,Alan Whitehead
